{"cameraMode":{"drawMode":0,"name":"Shaded","section":"Shading Mode"},"sceneLighting":false,"audioPlay":false,"sceneViewState":{"m_AlwaysRefresh":false,"showFog":true,"showSkybox":true,"showFlares":true,"showImageEffects":true,"showParticleSystems":true,"showVisualEffectGraphs":true,"m_FxEnabled":true},"in2DMode":false,"pivot":{"x":1.6583813428878785,"y":1.8400194644927979,"z":-8.979890823364258},"rotation":{"x":0.13337765634059907,"y":0.022916773334145547,"z":-0.0030931723304092886,"w":0.9908274412155151},"size":3.733771562576294,"orthographic":false}