{"cameraMode":{"drawMode":0,"name":"Shaded","section":"Shading Mode"},"sceneLighting":false,"audioPlay":false,"sceneViewState":{"m_AlwaysRefresh":false,"showFog":true,"showSkybox":true,"showFlares":true,"showImageEffects":true,"showParticleSystems":true,"showVisualEffectGraphs":true,"m_FxEnabled":true},"in2DMode":false,"pivot":{"x":4.786092758178711,"y":0.6176947355270386,"z":-2.4624154567718508},"rotation":{"x":0.049786705523729327,"y":0.009613493457436562,"z":-0.0004893072182312608,"w":0.9987420439720154},"size":1.1069347858428956,"orthographic":false}