{"cameraMode":{"drawMode":0,"name":"Shaded","section":"Shading Mode"},"sceneLighting":false,"audioPlay":false,"sceneViewState":{"m_AlwaysRefresh":false,"showFog":true,"showSkybox":true,"showFlares":true,"showImageEffects":true,"showParticleSystems":true,"showVisualEffectGraphs":true,"m_FxEnabled":true},"in2DMode":false,"pivot":{"x":8.929147720336914,"y":-14.25901985168457,"z":34.828712463378909},"rotation":{"x":0.15772944688796998,"y":0.10556864738464356,"z":-0.016972025856375696,"w":0.9817067980766296},"size":24.436084747314454,"orthographic":false}